identifier,identifier 2,title_initial_article,title,public_note,public_note 2,public_note 3,abstract,abstract 2,abstract 3 1,abstract 3 2,abstract 3 3,subject_geographic_hierarchical_street,subject_geographic_hierarchical_city,subject_geographic_hierarchical_state,subject_geographic_hierarchical_country,subject_geographic,rights,repository,record_source,item_type,form,digital_origin,language,date_text,date_single_start,date_end,date_qualifier
bcpl_00409,http://dlxstest.lib.utk.edu/cgi/i/image/image-idx?id=S-BCPL-X-BL00409]BL00409,,Samuel Frazier House (NR),This structure appears on the National Historical Registry.,Ownership: Private,Current Use: Residence,"Address: 4702 Big Springs Rd, Greenback",Location: HOUSES AND BARNS IN BLOUNT COUNTY ,"Architectural -- two story, three bay house built of rough quarried marble ca. 1795; its ""Penn Plan"" design of three rooms is unusual in the county; one of the county's oldest houses",,,4702 Big Springs Road,Greenback,Tennessee,United States,Blount County (Tenn.),"The copyright interests in this item remain with the creator. For more information, contact Special Collections at special@utk.edu.",Blount County Public Library,"University of Tennessee, Knoxville Libraries",still image,photographs | http://vocab.getty.edu/aat/300046300,reformatted digital,zxx,,,,
bcpl_00017,http://dlxstest.lib.utk.edu/cgi/i/image/image-idx?id=S-BCPL-X-BL00017]BL00017,,Friends Church (NR),This structure appears on the National Historical Registry.,Ownership: Private,"Current Use: Since 1947, St. Andrew's Episcopal Church","Address: 314 W. Broadway, Maryville, TN",Location: MARYVILLE,"Architectural -- Colonial Revival style, brick with tile roof.","Historical -- Quaker meeting house, 1871-1936; Friends' impact on religion and education in Maryville and Blount County.",,314 West Broadway,Maryville,Tennessee,United States,Maryville (Tenn.),"The copyright interests in this item remain with the creator. For more information, contact Special Collections at special@utk.edu.",Blount County Public Library,"University of Tennessee, Knoxville Libraries",still image,photographs | http://vocab.getty.edu/aat/300046300,reformatted digital,zxx,,,,
bcpl_03530,http://dlxstest.lib.utk.edu/cgi/i/image/image-idx?id=S-BCPL-X-BL03530]BL03530,,Jim Hatcher Barn,This structure appears on the National Historical Registry.,Ownership: Federal,Current Use: Museum,"Address: Cades Cove, Great Smoky Mountains National Park, TN",Location: CADES COVE HISTORIC DISTRICT; (NR as Cades Cove Historic District),"Architectural and agricultural history -- double pen log barn with saddle and V notches; built about 1930 by Jim Hatcher, a later owner of the Elijah Oliver property",,,,,,,Cades Cove (Tenn.),"The copyright interests in this item remain with the creator. For more information, contact Special Collections at special@utk.edu.",Blount County Public Library,"University of Tennessee, Knoxville Libraries",still image,photographs | http://vocab.getty.edu/aat/300046300,reformatted digital,zxx,,,,
bcpl_03745,http://dlxstest.lib.utk.edu/cgi/i/image/image-idx?id=S-BCPL-X-BL03745]BL03745,,Charles M. Hall School,,Ownership: Private,Current Use: Alcoa City Center,"Address: 229 E. Watt St., Alcoa, TN",Location: ALCOA HOUSES AND PUBLIC BUILDINGS,"Architectural -- one story brick school with hip and gable roof, built in 1926","Historical -- originally a segregated school for ""colored""; later integrated and called Alcoa Middle School; ceased to be a school in 2002 and sold to private developers",,229 East Watt Street,Alcoa,Tennessee,United States,Alcoa (Tenn.),"The copyright interests in this item remain with the creator. For more information, contact Special Collections at special@utk.edu.",Blount County Public Library,"University of Tennessee, Knoxville Libraries",still image,photographs | http://vocab.getty.edu/aat/300046300,reformatted digital,zxx,,,,
bcpl_03333,http://dlxstest.lib.utk.edu/cgi/i/image/image-idx?id=S-BCPL-X-BL03333]BL03333,,Aluminum Company of America House,,Ownership: Private,Current Use: Residence,"Address: 1431 Ramsay St., Alcoa, TN",Location: ALCOA HOUSES AND PUBLIC BUILDINGS,"Architectural -- two story frame house with front and rear gables, interior central chimney, built ca. 1920","Historical -- typical ""company house"" built by ALCOA for supervisory personnel. Company encouraged their renters to become homeowners.",,1431 Ramsay Street,Alcoa,Tennessee,United States,Alcoa (Tenn.),"The copyright interests in this item remain with the creator. For more information, contact Special Collections at special@utk.edu.",Blount County Public Library,"University of Tennessee, Knoxville Libraries",still image,photographs | http://vocab.getty.edu/aat/300046300,reformatted digital,zxx,,,,
bcpl_02090,http://dlxstest.lib.utk.edu/cgi/i/image/image-idx?id=S-BCPL-X-BL02090]BL02090,,Bethlehem Methodist Church (NR),This structure appears on the National Historical Registry.,Ownership: Private,"Current Use: Opened by Bethlehem Cemetery Association, on request, for weddings, homecomings, etc.","Address: Bethlehem Rd., 0.5 mi. S of Ellejoy Rd., Maryville, TN","Location: SCHOOLS, CHURCHES, MILLS, QUARRY, BRIDGES AND COMMERCIAL BUILDINGS IN BLOUNT CO","Architectural -- Gothic Revival wooden building, built in 1886",,,Bethlehem Road 0.5 mile South of Ellejoy Road,Maryville,Tennessee,United States,Blount County (Tenn.),"The copyright interests in this item remain with the creator. For more information, contact Special Collections at special@utk.edu.",Blount County Public Library,"University of Tennessee, Knoxville Libraries",still image,photographs | http://vocab.getty.edu/aat/300046300,reformatted digital,zxx,,,,
bcpl_00001,http://dlxstest.lib.utk.edu/cgi/i/image/image-idx?id=S-BCPL-X-BL0000l]BL0000l,,Thompson-Brown House (NR),This structure appears on the National Historical Registry.,Ownership: County,Current Use: Office space for non-profit organizations,"Address: 1004 E. Lamar Alexander Pkwy., Maryville, TN",Location: MARYVILLE,"Architectural -- 2 story, 2 pen with passage log house, built in first quarter of the 19th century.",,,1004 East Lamar Alexander Parkway,Maryville,Tennessee,United States,Maryville (Tenn.),"The copyright interests in this item remain with the creator. For more information, contact Special Collections at special@utk.edu.",Blount County Public Library,"University of Tennessee, Knoxville Libraries",still image,photographs | http://vocab.getty.edu/aat/300046300,reformatted digital,zxx,,,,
bcpl_03550,http://dlxstest.lib.utk.edu/cgi/i/image/image-idx?id=S-BCPL-X-BL03550]BL03550,,Preacher William H. Oliver or Carter Shields House,This structure appears on the National Historical Registry.,Ownership: Federal,Current Use: Museum,"Address: Cades Cove, Great Smoky Mountains National Park, TN",Location: CADES COVE HISTORIC DISTRICT; (NR as Cades Cove Historic District),"Architectural -- single pen log house, one and one- half story, built ca. 1876 of pine logs with dovetail notches; purchased in 1910 by Carter Shields",,,,,,,Cades Cove (Tenn.),"The copyright interests in this item remain with the creator. For more information, contact Special Collections at special@utk.edu.",Blount County Public Library,"University of Tennessee, Knoxville Libraries",still image,photographs | http://vocab.getty.edu/aat/300046300,reformatted digital,zxx,,,,
bcpl_04012,http://dlxstest.lib.utk.edu/cgi/i/image/image-idx?id=S-BCPL-X-BL04012]BL04012,,ALCOA South Plant Office Building (NR),This structure appears on the National Historical Registry.,Ownership: Private,Current Use: Limited use as office space,"Address: Hall Rd., Alcoa TN",Location: ALCOA HOUSES AND PUBLIC BUILDINGS,"Architectural -- three story brick with handsome art deco trim, built in 1940s",Historical -- significant to the Aluminum Company's contribution to defense and war efforts in the 1940s,,Hall Road,Alcoa,Tennessee,United States,Alcoa (Tenn.),"The copyright interests in this item remain with the creator. For more information, contact Special Collections at special@utk.edu.",Blount County Public Library,"University of Tennessee, Knoxville Libraries",still image,photographs | http://vocab.getty.edu/aat/300046300,reformatted digital,zxx,,,,
bcpl_02598,http://dlxstest.lib.utk.edu/cgi/i/image/image-idx?id=S-BCPL-X-BL02598]BL02598,The ,Old Oaken Bucket,,Ownership: Private,Current Use: Engine repair shop,"Address: Old Knoxville Hwy, 4 mi. N of Rockford Rockford, TN","Location: SCHOOLS, CHURCHES, MILLS, QUARRY, BRIDGES AND COMMERCIAL BUILDINGS IN BLOUNT CO","Commercial and architectural -- built in the 1930s, a typical service station of the era",,,Old Knoxville Highway,Rockford,Tennessee,United States,Blount County (Tenn.),"The copyright interests in this item remain with the creator. For more information, contact Special Collections at special@utk.edu.",Blount County Public Library,"University of Tennessee, Knoxville Libraries",still image,photographs | http://vocab.getty.edu/aat/300046300,reformatted digital,zxx,,,,
bcpl_00046,http://dlxstest.lib.utk.edu/cgi/i/image/image-idx?id=S-BCPL-X-BL00046]BL00046,,Dr. Leland Ramsey House,,Ownership: Private,Current Use: Residence,"Address: 317 W. Broadway Ave., Maryville, TN",Location: MARYVILLE,"Architectural -- one story frame house with gabled roof, rear ell, gabled front porch with decorative wood trim built in 1885.",,,317 West Broadway Avenue,Maryville,Tennessee,United States,Maryville (Tenn.),"The copyright interests in this item remain with the creator. For more information, contact Special Collections at special@utk.edu.",Blount County Public Library,"University of Tennessee, Knoxville Libraries",still image,photographs | http://vocab.getty.edu/aat/300046300,reformatted digital,zxx,,,,
bcpl_01024,http://dlxstest.lib.utk.edu/cgi/i/image/image-idx?id=S-BCPL-X-BL01024]BL01024,,Isaac Yearout House (NR),This structure appears on the National Historical Registry.,Ownership: Private,Current Use: Residence,"Address: 1305 Big Springs Rd., Maryville, TN",Location: HOUSES AND BARNS IN BLOUNT COUNTY ,"Architectural -- two story brick with side gables, hipped rear extension, gabled two story front porch with columns; built ca. 1819-24",,,1305 Big Springs Road,Maryville,Tennessee,United States,Blount County (Tenn.),"The copyright interests in this item remain with the creator. For more information, contact Special Collections at special@utk.edu.",Blount County Public Library,"University of Tennessee, Knoxville Libraries",still image,photographs | http://vocab.getty.edu/aat/300046300,reformatted digital,zxx,,,,
bcpl_00471,http://dlxstest.lib.utk.edu/cgi/i/image/image-idx?id=S-BCPL-X-BL00471]BL00471,,People's Bank of Friendsville (NR),This structure appears on the National Historical Registry.,Ownership: Private,Current Use: Residence,"Address: College St., Friendsville, TN","Location: SCHOOLS, CHURCHES, MILLS, QUARRY, BRIDGES AND COMMERCIAL BUILDINGS IN BLOUNT CO","Commercial -- bank built of brick in 1915, in business to 1936; only significant commercial building remaining in Friendsville",,,College Street,Friendsville,Tennessee,United States,Blount County (Tenn.),"The copyright interests in this item remain with the creator. For more information, contact Special Collections at special@utk.edu.",Blount County Public Library,"University of Tennessee, Knoxville Libraries",still image,photographs | http://vocab.getty.edu/aat/300046300,reformatted digital,zxx,,,,
bcpl_04235,http://dlxstest.lib.utk.edu/cgi/i/image/image-idx?id=S-BCPL-X-BL04235]BL04235,,Willard House,,Ownership: Private,Current Use: Residence,"Address: 1202 Oak Park Ave., Maryville, TN","Location: OAK PARK HISTORIC DISTRICT, MARYVILLE","Architectural -- two story frame, with hip and gable roof, built in the 1880s",Historical -- farm house for farm which was developed as the Oak Park residential area,,1202 Oak Park Avenue,Maryville,Tennessee,United States,"Oak Park Historic District (Maryville, Tenn.)","The copyright interests in this item remain with the creator. For more information, contact Special Collections at special@utk.edu.",Blount County Public Library,"University of Tennessee, Knoxville Libraries",still image,photographs | http://vocab.getty.edu/aat/300046300,reformatted digital,zxx,,,,
bcpl_04219,http://dlxstest.lib.utk.edu/cgi/i/image/image-idx?id=S-BCPL-X-BL04219]BL04219,,King House,,Ownership: Private,Current Use: Residence,"Address: 225 S. Magnolia Ave., Maryville, TN","Location: OAK PARK HISTORIC DISTRICT, MARYVILLE","Architectural -- one and one-half stories, with gambrel roof and dormers, built ca. 1910",,,225 South Magnolia Avenue,Maryville,Tennessee,United States,"Oak Park Historic District (Maryville, Tenn.)","The copyright interests in this item remain with the creator. For more information, contact Special Collections at special@utk.edu.",Blount County Public Library,"University of Tennessee, Knoxville Libraries",still image,photographs | http://vocab.getty.edu/aat/300046300,reformatted digital,zxx,,,,
bcpl_01557,http://dlxstest.lib.utk.edu/cgi/i/image/image-idx?id=S-BCPL-X-BL01557]BL01557,,John F. Shea House,,Ownership: Private,Current Use: Residence,"Address: 7713 River Rd., Townsend",Location: TOWNSEND,Architectural -- two and one-half story frame house built in 1904 in the Queen Anne style,"Historical -- built by Shea for George Townsend who was brother to W. B. Townsend, President of Little River Railroad and Lumber Company; one of the few remaining buildings associated with the company",,7713 River Road,Townsend,Tennessee,United States,Townsend (Tenn.),"The copyright interests in this item remain with the creator. For more information, contact Special Collections at special@utk.edu.",Blount County Public Library,"University of Tennessee, Knoxville Libraries",still image,photographs | http://vocab.getty.edu/aat/300046300,reformatted digital,zxx,,,,
bcpl_01632,http://dlxstest.lib.utk.edu/cgi/i/image/image-idx?id=S-BCPL-X-BL01632]BL01632,,Kinzel Springs Swinging Bridge,,Ownership: Blount County,Current Use: Footbridge,"Address: Across Little River between Hwy 321 and Old Walland Hwy at Kinzel Springs, Walla","Location: SCHOOLS, CHURCHES, MILLS, QUARRY, BRIDGES AND COMMERCIAL BUILDINGS IN BLOUNT CO",Recreational -- Footbridge connecting parts of a resort in early 1900s; replaced in 1990s after it was demolished by flood,,,,,,,Blount County (Tenn.),"The copyright interests in this item remain with the creator. For more information, contact Special Collections at special@utk.edu.",Blount County Public Library,"University of Tennessee, Knoxville Libraries",still image,photographs | http://vocab.getty.edu/aat/300046300,reformatted digital,zxx,,,,
bcpl_03846,http://dlxstest.lib.utk.edu/cgi/i/image/image-idx?id=S-BCPL-X-BL03846]BL03846,,Dr. Royal Jennings House,This structure appears on the National Historical Registry.,Ownership: Private,Current Use: Residence,"Address: 304 Indiana Avenue, Maryville, TN",Location: College Hill Historic District (NR); (NR as Indiana Avenue Historic District),"Architectural -- two story frame with side gables, Italianate influences, built ca. 1874",,,304 Indiana Avenue,Maryville,Tennessee,United States,"College Hill Historic District (Maryville, Tenn.)","The copyright interests in this item remain with the creator. For more information, contact Special Collections at special@utk.edu.",Blount County Public Library,"University of Tennessee, Knoxville Libraries",still image,photographs | http://vocab.getty.edu/aat/300046300,reformatted digital,zxx,,,,
bcpl_01361,http://dlxstest.lib.utk.edu/cgi/i/image/image-idx?id=S-BCPL-X-BL01361]BL01361,,Walland Depot,,Ownership: Private,"Current Use: Since 1982, Little River Railroad and Lumber Company Museum","Address: Hwy 321, Walland, later relocated to Hwy 321, Townsend",Location: WALLAND,Architectural -- typical hip-roofed depot built ca. 1901,History of transportation -- terminus for both the Knoxville & Augusta RR (later Southern RR) and the Little River RR,,Highway 321,Walland,Tennessee,United States,Walland (Tenn.),"The copyright interests in this item remain with the creator. For more information, contact Special Collections at special@utk.edu.",Blount County Public Library,"University of Tennessee, Knoxville Libraries",still image,photographs | http://vocab.getty.edu/aat/300046300,reformatted digital,zxx,,,,
bcpl_00636,http://dlxstest.lib.utk.edu/cgi/i/image/image-idx?id=S-BCPL-X-BL00636]BL00636,,John Russell House (NR),This structure appears on the National Historical Registry.,Ownership: Private,Current Use: Unoccupied,"Address: Prater Rd. off Old Lowes Ferry Rd., at Poland Creek, Louisville, TN",Location: HOUSES AND BARNS IN BLOUNT COUNTY ,"Architectural -- two story, double pile, five bay, central passage plan I-House built in 1851; brick with frame rear ell",,,Prater Road,Louisville,Tennessee,United States,Blount County (Tenn.),"The copyright interests in this item remain with the creator. For more information, contact Special Collections at special@utk.edu.",Blount County Public Library,"University of Tennessee, Knoxville Libraries",still image,photographs | http://vocab.getty.edu/aat/300046300,reformatted digital,zxx,,,,
bcpl_00050,http://dlxstest.lib.utk.edu/cgi/i/image/image-idx?id=S-BCPL-X-BL00050]BL00050,,Lamar Memorial Library,This structure appears on the National Historical Registry.,Ownership: Private,Current Use: Center for Campus Ministry,"Address: 502 E. Lamar Alexander Parkway, Maryville, TN",Location: MARYVILLE COLLEGE BUILDINGS; (NR as Maryville College Historic District),Architectural -- built of brick in 1888 in form of Greek cross; handsome oak interior woodwork.,"Historical -- built as a memorial to Prof. Thomas Jefferson Lamar, the college's ""second founder"".",,502 East Lamar Alexander Parkway,Maryville,Tennessee,United States,Maryville College--Buildings,"The copyright interests in this item remain with the creator. For more information, contact Special Collections at special@utk.edu.",Blount County Public Library,"University of Tennessee, Knoxville Libraries",still image,photographs | http://vocab.getty.edu/aat/300046300,reformatted digital,zxx,,,,
bcpl_02443,http://dlxstest.lib.utk.edu/cgi/i/image/image-idx?id=S-BCPL-X-BL02443]BL02443,,John Gillespie House (NR),This structure appears on the National Historical Registry.,Ownership: Private,Current Use: Unoccupied,"Address: Lowes Ferry Rd., l mi. N of Louisville,TN",Location: HOUSES AND BARNS IN BLOUNT COUNTY ,"Architectural -- two story, three bay residence of limestone construction, features finely crafted jack arching, a date stone (1802) on the lintel above the door, two chimneys, frame ell",Historical -- scene of a murder in the 1840s of a Mr. Humes by a slave Charlie,,Lowes Ferry Road,Louisville,Tennessee,United States,Blount County (Tenn.),"The copyright interests in this item remain with the creator. For more information, contact Special Collections at special@utk.edu.",Blount County Public Library,"University of Tennessee, Knoxville Libraries",still image,photographs | http://vocab.getty.edu/aat/300046300,reformatted digital,zxx,,,,
bcpl_00058,http://dlxstest.lib.utk.edu/cgi/i/image/image-idx?id=S-BCPL-X-BL00058]BL00058,,Carnegie Hall,This structure appears on the National Historical Registry.,Ownership: Private,Current Use: Student residence hall,"Address: 502 E. Lamar Alexander Parkway, Maryville, TN",Location: MARYVILLE COLLEGE BUILDINGS; (NR as Maryville College Historic District),Architectural -- designed by Knoxville architect R. F. Graf in Georgian Colonial style; built in 1916 of tan brick,,,502 East Lamar Alexander Parkway,Maryville,Tennessee,United States,Maryville College--Buildings,"The copyright interests in this item remain with the creator. For more information, contact Special Collections at special@utk.edu.",Blount County Public Library,"University of Tennessee, Knoxville Libraries",still image,photographs | http://vocab.getty.edu/aat/300046300,reformatted digital,zxx,,,,
bcpl_04089,http://dlxstest.lib.utk.edu/cgi/i/image/image-idx?id=S-BCPL-X-BL04089]BL04089,,David Jones House (NR),This structure appears on the National Historical Registry.,Ownership: Private,Current Use: Residence,"Address: 404 High St., Maryville, TN",Location: MARYVILLE,"Architectural -- two story, symmetrical plan, three bay brick Italianate design residence built in 1874 with a one story ell; significant interior woodwork.","Historical -- residence, in turn, of skilled mason David Jones, Maryville mayor W. T. Parham, Maryville College professor E. B. Waller.",,404 High Street,Maryville,Tennessee,United States,Maryville (Tenn.),"The copyright interests in this item remain with the creator. For more information, contact Special Collections at special@utk.edu.",Blount County Public Library,"University of Tennessee, Knoxville Libraries",still image,photographs | http://vocab.getty.edu/aat/300046300,reformatted digital,zxx,,,,
bcpl_00059,http://dlxstest.lib.utk.edu/cgi/i/image/image-idx?id=S-BCPL-X-BL00059]BL00059,,Anderson Hall,This structure appears on the National Historical Registry.,Ownership: Private,Current Use: Classrooms and offices,"Address: 502 E. Lamar Alexander Parkway, Maryville, TN",Location: MARYVILLE COLLEGE BUILDINGS; (NR as Maryville College Historic District),"Educational -- housed administration for college of liberal arts which pioneered higher education of women and of freedmen. Architectural -- constructed in 1869-70, with a rear addition in 1890; brick, with ornamental brick work at roof line, attractive c",,,502 East Lamar Alexander Parkway,Maryville,Tennessee,United States,Maryville College--Buildings,"The copyright interests in this item remain with the creator. For more information, contact Special Collections at special@utk.edu.",Blount County Public Library,"University of Tennessee, Knoxville Libraries",still image,photographs | http://vocab.getty.edu/aat/300046300,reformatted digital,zxx,,,,
bcpl_03532,http://dlxstest.lib.utk.edu/cgi/i/image/image-idx?id=S-BCPL-X-BL03532]BL03532,,Smokehouse,This structure appears on the National Historical Registry.,Ownership: Federal,Current Use: Museum,"Address: Cades Cove, Great Smoky Mountains National Park, TN",Location: CADES COVE HISTORIC DISTRICT; (NR as Cades Cove Historic District),"Architectural -- pre1890 smokehouse relocated to site of Cable Mill by Park Service; log pen, front and rear gables, half dovetail notches, poplar logs; poplar log meat bench inside",,,,,,,Cades Cove (Tenn.),"The copyright interests in this item remain with the creator. For more information, contact Special Collections at special@utk.edu.",Blount County Public Library,"University of Tennessee, Knoxville Libraries",still image,photographs | http://vocab.getty.edu/aat/300046300,reformatted digital,zxx,,,,
bcpl_01587,http://dlxstest.lib.utk.edu/cgi/i/image/image-idx?id=S-BCPL-X-BL01587]BL01587,,John Martin Mill (NR),This structure appears on the National Historical Registry.,Ownership: Private,Current Use: Not in operation,"Address: Mill Loop Rd., 0.3 mi. S of W. Millers Cove Rd., Walland, TN","Location: SCHOOLS, CHURCHES, MILLS, QUARRY, BRIDGES AND COMMERCIAL BUILDINGS IN BLOUNT CO",Commercial -- mill and mill dam operating from 1834 to recent years,,,Mill Loop Road,Walland,Tennessee,United States,Blount County (Tenn.),"The copyright interests in this item remain with the creator. For more information, contact Special Collections at special@utk.edu.",Blount County Public Library,"University of Tennessee, Knoxville Libraries",still image,photographs | http://vocab.getty.edu/aat/300046300,reformatted digital,zxx,,,,
bcpl_02478,http://dlxstest.lib.utk.edu/cgi/i/image/image-idx?id=S-BCPL-X-BL02478]BL02478,,Meadhaven or Jarad Mead House,This structure appears on the National Historical Registry.,Ownership: Private,Current Use: Residence,"Address: Cox Rd., Louisville, TN",Location: LOUISVILLE HISTORIC DISTRICT; (NR as Louisville Historic District),"Architectural -- two story frame house with side ells, gable & hip roof; this imposing Italianate structure dates from 1877, but encloses an earlier small house",,,Cox Road,Louisville,Tennessee,United States,"Louisville Historic District (Louisville, Tenn.)","The copyright interests in this item remain with the creator. For more information, contact Special Collections at special@utk.edu.",Blount County Public Library,"University of Tennessee, Knoxville Libraries",still image,photographs | http://vocab.getty.edu/aat/300046300,reformatted digital,zxx,,,,
bcpl_00775,http://dlxstest.lib.utk.edu/cgi/i/image/image-idx?id=S-BCPL-X-BL00775]BL00775,,Macklin Kerr House (NR),This structure appears on the National Historical Registry.,Ownership: Private,Current Use: Residence,"Address: Big Gully Rd., 0.3 mi. N. of Kyker Rd., Maryville, TN",Location: HOUSES AND BARNS IN BLOUNT COUNTY ,Architectural -- two story brick with frame side and rear additions; built 1847,"Historical -- site of Gen. O. O. Howard's headquarters during the Federal Army's visit to Blount County, December 1863.",,"Big Gully Road, 0.3 mile North of Kyker Road",Maryville,Tennessee,United States,Blount County (Tenn.),"The copyright interests in this item remain with the creator. For more information, contact Special Collections at special@utk.edu.",Blount County Public Library,"University of Tennessee, Knoxville Libraries",still image,photographs | http://vocab.getty.edu/aat/300046300,reformatted digital,zxx,,,,
bcpl_01421,http://dlxstest.lib.utk.edu/cgi/i/image/image-idx?id=S-BCPL-X-BL01421]BL01421,,Schlosser Leather Company House,,Ownership: Private,Current Use: Residence,"Address: East Millers Cove Rd, Walland, TN",Location: WALLAND,"Architectural -- one story ""T"" shaped frame house w/gable roof; built between 1905-10 by Schlosser Leather Company to house family of a worker",,,East Millers Cove Road,Walland,Tennessee,United States,Walland (Tenn.),"The copyright interests in this item remain with the creator. For more information, contact Special Collections at special@utk.edu.",Blount County Public Library,"University of Tennessee, Knoxville Libraries",still image,photographs | http://vocab.getty.edu/aat/300046300,reformatted digital,zxx,,,,
bcpl_00053,http://dlxstest.lib.utk.edu/cgi/i/image/image-idx?id=S-BCPL-X-BL00053]BL00053,,Willard House,This structure appears on the National Historical Registry.,Ownership: Private,Current Use: Office and social space,"Address: 502 E. Lamar Alexander Parkway, Maryville, TN",Location: MARYVILLE COLLEGE BUILDINGS; (NR as Maryville College Historic District),Architectural -- designed by Beaver and Hoffmeister of Knoxville in Queen Anne style; built in 1891 of red brick with red mortar.,"Historical -- residence of the college presidents, 1891-1951.",,502 East Lamar Alexander Parkway,Maryville,Tennessee,United States,Maryville College--Buildings,"The copyright interests in this item remain with the creator. For more information, contact Special Collections at special@utk.edu.",Blount County Public Library,"University of Tennessee, Knoxville Libraries",still image,photographs | http://vocab.getty.edu/aat/300046300,reformatted digital,zxx,,,,
bcpl_00048,http://dlxstest.lib.utk.edu/cgi/i/image/image-idx?id=S-BCPL-X-BL00048]BL00048,,Doctors Hospital,,Ownership: Private,Current Use: Offices,"Address: Corner Ellis Ave. & College St., Maryville, TN",Location: MARYVILLE,"Architectural -- two story frame and brick building with hip and gable roof, dating from early 1900s.",Historical -- functioned as Doctors Hospital from 1943 to 1949.,,Corner Ellis Avenue & College Street,Maryville,Tennessee,United States,Maryville (Tenn.),"The copyright interests in this item remain with the creator. For more information, contact Special Collections at special@utk.edu.",Blount County Public Library,"University of Tennessee, Knoxville Libraries",still image,photographs | http://vocab.getty.edu/aat/300046300,reformatted digital,zxx,,,,
bcpl_01390,http://dlxstest.lib.utk.edu/cgi/i/image/image-idx?id=S-BCPL-X-BL01390]BL01390,,James V. Martin House (NR),This structure appears on the National Historical Registry.,Ownership: Private,Current Use: Residence,"Address: 545 Martin Valley Rd., Walland TN",Location: WALLAND,"Architectural -- two story frame with side gables and rear ell, front gabled porch; I-house plan with elaborate Eastlake-influenced decoration; one of the most intact and decorative I-house forms in the rural area of the county",,,545 Martin Valley Road,Walland,Tennessee,United States,Walland (Tenn.),"The copyright interests in this item remain with the creator. For more information, contact Special Collections at special@utk.edu.",Blount County Public Library,"University of Tennessee, Knoxville Libraries",still image,photographs | http://vocab.getty.edu/aat/300046300,reformatted digital,zxx,,,,
bcpl_02461,http://dlxstest.lib.utk.edu/cgi/i/image/image-idx?id=S-BCPL-X-BL02461]BL02461,,Goddard Cottage,This structure appears on the National Historical Registry.,Ownership: Private,Current Use: Residence,"Address: off Main St., Louisville, TN",Location: LOUISVILLE HISTORIC DISTRICT; (NR as Louisville Historic District),"Architectural: one story frame house in Carpenter Gothic style, pre 1910",,,,,,,"Louisville Historic District (Louisville, Tenn.)","The copyright interests in this item remain with the creator. For more information, contact Special Collections at special@utk.edu.",Blount County Public Library,"University of Tennessee, Knoxville Libraries",still image,photographs | http://vocab.getty.edu/aat/300046300,reformatted digital,zxx,,,,
bcpl_00629,http://dlxstest.lib.utk.edu/cgi/i/image/image-idx?id=S-BCPL-X-BL00629]BL00629,,John J. Craig Quarry Historic District (NR),This structure appears on the National Historical Registry.,Ownership: Private,Current Use: Not in operation,"Address: Marmor Rd., 0.5 mi. S of Miser Station Rd., Friendsville, TN","Location: SCHOOLS, CHURCHES, MILLS, QUARRY, BRIDGES AND COMMERCIAL BUILDINGS IN BLOUNT CO","Industrial -- marble quarry and associated buildings, dating from 1896 and operating throughout much of the 20th century",,,Marmor Road,Friendsville,Tennessee,United States,Blount County (Tenn.),"The copyright interests in this item remain with the creator. For more information, contact Special Collections at special@utk.edu.",Blount County Public Library,"University of Tennessee, Knoxville Libraries",still image,photographs | http://vocab.getty.edu/aat/300046300,reformatted digital,zxx,,,,
bcpl_01231,http://dlxstest.lib.utk.edu/cgi/i/image/image-idx?id=S-BCPL-X-BL01231]BL01231,,William Dunn Stone Fence,,Ownership: Private,Current Use: same,"Address: Schoolhouse Gap Rd, Dry Valley, Townsend, TN","Location: SCHOOLS, CHURCHES, MILLS, QUARRY, BRIDGES AND COMMERCIAL BUILDINGS IN BLOUNT CO","Local cultural history -- built pre-1900 by William Dunn or Mr. Snyder, the stone fence is several hundred yds. in length, 3-4 ft. high, and 2-3 ft. wide",,,Schoolhouse Gap Road,Townsend,Tennessee,United States,Blount County (Tenn.),"The copyright interests in this item remain with the creator. For more information, contact Special Collections at special@utk.edu.",Blount County Public Library,"University of Tennessee, Knoxville Libraries",still image,photographs | http://vocab.getty.edu/aat/300046300,reformatted digital,zxx,,,,
bcpl_00074,http://dlxstest.lib.utk.edu/cgi/i/image/image-idx?id=S-BCPL-X-BL00074]BL00074,,Samuel A. Patton Building (NR),This structure appears on the National Historical Registry.,Ownership: Private,Current Use: Commercial,"Address: 114 E. Broadway, Maryville, TN",Location: MARYVILLE,"Architectural -- Italianate style, brick with tin roof, built ca. 1875.",Commercial -- department store; jewelry store.,,114 East Broadway,Maryville,Tennessee,United States,Maryville (Tenn.),"The copyright interests in this item remain with the creator. For more information, contact Special Collections at special@utk.edu.",Blount County Public Library,"University of Tennessee, Knoxville Libraries",still image,photographs | http://vocab.getty.edu/aat/300046300,reformatted digital,zxx,,,,
bcpl_02536,http://dlxstest.lib.utk.edu/cgi/i/image/image-idx?id=S-BCPL-X-BL02536]BL02536,,Rockford Manufacturing Company House,,Ownership: Private,Current Use: Residence,"Address: Rockford, TN",Location: ROCKFORD,"Architectural -- one story frame house with front and rear gables, typical of a company house in a cotton mill town in the 1920s",,,,,,,Rockford (Tenn.),"The copyright interests in this item remain with the creator. For more information, contact Special Collections at special@utk.edu.",Blount County Public Library,"University of Tennessee, Knoxville Libraries",still image,photographs | http://vocab.getty.edu/aat/300046300,reformatted digital,zxx,,,,
bcpl_00108,http://dlxstest.lib.utk.edu/cgi/i/image/image-idx?id=S-BCPL-X-BL00108]BL00108,,Happy Valley School (NR),This structure appears on the National Historical Registry.,Ownership: County,,"Address: Happy Valley Rd., Tallassee, TN","Location: SCHOOLS, CHURCHES, MILLS, QUARRY, BRIDGES AND COMMERCIAL BUILDINGS IN BLOUNT CO","Architectural -- brick, colonial revival style","Historical -- built in 1936 by the WPA, it is the best remaining example of Blount County schools in that era",,Happy Valley Road,Tallassee,Tennessee,United States,Blount County (Tenn.),"The copyright interests in this item remain with the creator. For more information, contact Special Collections at special@utk.edu.",Blount County Public Library,"University of Tennessee, Knoxville Libraries",still image,photographs | http://vocab.getty.edu/aat/300046300,reformatted digital,zxx,,,,
bcpl_00524,http://dlxstest.lib.utk.edu/cgi/i/image/image-idx?id=S-BCPL-X-BL00524]BL00524,,John Hackney House (NR),This structure appears on the National Historical Registry.,Ownership: Private,Current Use: Residence,"Address: Front St. and Big Springs Rd.,, Friendsville, TN",Location: HOUSES AND BARNS IN BLOUNT COUNTY ,Architectural -- unusual Four Room Plan with four connected linear rooms each originally having an outside as well as an inside entrance; built ca.1850,"Historical -- John Hackney operated a saw and grist mill on Gallahar's Creek in the 19th century; Pat Stinnett, who owned the house in the early 20th century, operated a local quarry",,Front Street & Big Springs Road,Friendsville,Tennessee,United States,Blount County (Tenn.),"The copyright interests in this item remain with the creator. For more information, contact Special Collections at special@utk.edu.",Blount County Public Library,"University of Tennessee, Knoxville Libraries",still image,photographs | http://vocab.getty.edu/aat/300046300,reformatted digital,zxx,,,,
bcpl_03725,http://dlxstest.lib.utk.edu/cgi/i/image/image-idx?id=S-BCPL-X-BL03725]BL03725,,Springbrook Pool,,Ownership: City,Current Use: Swimming pool,"Address: Vose Rd., Alcoa, TN",Location: ALCOA HOUSES AND PUBLIC BUILDINGS,Historical -- parks and recreational facilities were an important part of the city's plan. The pool was built in 1931.,,,Vose Road,Alcoa,Tennessee,United States,Alcoa (Tenn.),"The copyright interests in this item remain with the creator. For more information, contact Special Collections at special@utk.edu.",Blount County Public Library,"University of Tennessee, Knoxville Libraries",still image,photographs | http://vocab.getty.edu/aat/300046300,reformatted digital,zxx,,,,
bcpl_00003,http://dlxstest.lib.utk.edu/cgi/i/image/image-idx?id=S-BCPL-X-BL00003]BL00003,,Blount County Courthouse,,Ownership: County,Current Use: Same,"Address: 341 Court St., Maryville, TN",Location: MARYVILLE,"Architectural -- Greek Revival style with Ionic columns supporting a full entablature, cupola, built in 1907 of yellow brick.",Governmental -- seat of county government.,,341 Court Street,Maryville,Tennessee,United States,Maryville (Tenn.),"The copyright interests in this item remain with the creator. For more information, contact Special Collections at special@utk.edu.",Blount County Public Library,"University of Tennessee, Knoxville Libraries",still image,photographs | http://vocab.getty.edu/aat/300046300,reformatted digital,zxx,,,,
bcpl_03656,http://dlxstest.lib.utk.edu/cgi/i/image/image-idx?id=S-BCPL-X-BL03656]BL03656,,C. L. Babcock House,,Ownership: Private,Current Use: Residence,"Address: 856 Poplar St., Alcoa, TN",Location: ALCOA HOUSES AND PUBLIC BUILDINGS,"Architectural -- two story frame with hip roof, front dormers, porch, built in ca. 1916-17","Historical -- originally occupied by C. L. Babcock, founder of Babcock Lumber and Land Company. The company built saw and finishing mills, employee housing, a store, clubhouse, and school in the area then called ""North Maryville.""",,856 Poplar Street,Alcoa,Tennessee,United States,Alcoa (Tenn.),"The copyright interests in this item remain with the creator. For more information, contact Special Collections at special@utk.edu.",Blount County Public Library,"University of Tennessee, Knoxville Libraries",still image,photographs | http://vocab.getty.edu/aat/300046300,reformatted digital,zxx,,,,
bcpl_04606,http://dlxstest.lib.utk.edu/cgi/i/image/image-idx?id=S-BCPL-X-BL04606]BL04606,,Andy Dunn House,,Ownership: Private,Current Use: Residence,"Address: 2410 Sevierville Rd., Maryville, TN",Location: HOUSES AND BARNS IN BLOUNT COUNTY ,"Architectural -- one and one-half story frame house with hip and gable roof, dormers, porch",,,2410 Sevierville Road,Maryville,Tennessee,United States,Blount County (Tenn.),"The copyright interests in this item remain with the creator. For more information, contact Special Collections at special@utk.edu.",Blount County Public Library,"University of Tennessee, Knoxville Libraries",still image,photographs | http://vocab.getty.edu/aat/300046300,reformatted digital,zxx,,,,
bcpl_01912,http://dlxstest.lib.utk.edu/cgi/i/image/image-idx?id=S-BCPL-X-BL01912]BL01912,,Southern Railroad Trestle (NR),This structure appears on the National Historical Registry.,Ownership: Southern Railroad,Current Use: Same,"Address: l mi. N of Rockford, off Hwy 33, on Little River Rd.,Rockford, TN","Location: SCHOOLS, CHURCHES, MILLS, QUARRY, BRIDGES AND COMMERCIAL BUILDINGS IN BLOUNT CO","Architectural and engineering -- steel railroad trestle on concrete footings, dating from ca.1900",,,Little River Road,Rockford,Tennessee,United States,Blount County (Tenn.),"The copyright interests in this item remain with the creator. For more information, contact Special Collections at special@utk.edu.",Blount County Public Library,"University of Tennessee, Knoxville Libraries",still image,photographs | http://vocab.getty.edu/aat/300046300,reformatted digital,zxx,,,,
bcpl_03523,http://dlxstest.lib.utk.edu/cgi/i/image/image-idx?id=S-BCPL-X-BL03523]BL03523,,Cades Cove Methodist Church,This structure appears on the National Historical Registry.,Ownership: Federal,"Current Use: Museum, with occasional use as a church","Address: Cades Cove, Great Smoky Mountains National Park, TN",Location: CADES COVE HISTORIC DISTRICT; (NR as Cades Cove Historic District),"Architectural and cultural history -- one room frame church with front and rear gables; two front doors and interior divider (women and children on left, men on right); built in 1902 by the minister, J. D. McCampbell, to replace earlier log structure",,,,,,,Cades Cove (Tenn.),"The copyright interests in this item remain with the creator. For more information, contact Special Collections at special@utk.edu.",Blount County Public Library,"University of Tennessee, Knoxville Libraries",still image,photographs | http://vocab.getty.edu/aat/300046300,reformatted digital,zxx,,,,
bcpl_03522,http://dlxstest.lib.utk.edu/cgi/i/image/image-idx?id=S-BCPL-X-BL03522]BL03522,,Cades Cove Primitive Baptist Church,This structure appears on the National Historical Registry.,Ownership: Federal,"Current Use: Museum, with occasional use as a church","Address: Cades Cove, Great Smoky Mountains National Park, TN",Location: CADES COVE HISTORIC DISTRICT; (NR as Cades Cove Historic District),"Architectural and cultural history -- one room frame church with front and rear gables, front belfry, built in 1887 to replace earlier log church; cemetery",,,,,,,Cades Cove (Tenn.),"The copyright interests in this item remain with the creator. For more information, contact Special Collections at special@utk.edu.",Blount County Public Library,"University of Tennessee, Knoxville Libraries",still image,photographs | http://vocab.getty.edu/aat/300046300,reformatted digital,zxx,,,,
bcpl_00004,http://dlxstest.lib.utk.edu/cgi/i/image/image-idx?id=S-BCPL-X-BL00004]BL00004,,Southern Railroad Freight Depot (NR),This structure appears on the National Historical Registry.,Ownership: Private,Current Use: Commercial,"Address: 406 S. Washington Ave., Maryville, TN",Location: MARYVILLE,Historical -- only early railroad building in county standing on original site.,"Transportation -- frame freight depot, 1925-1980.",,406 South Washington Avenue,Maryville,Tennessee,United States,Maryville (Tenn.),"The copyright interests in this item remain with the creator. For more information, contact Special Collections at special@utk.edu.",Blount County Public Library,"University of Tennessee, Knoxville Libraries",still image,photographs | http://vocab.getty.edu/aat/300046300,reformatted digital,zxx,,,,
bcpl_03921,http://dlxstest.lib.utk.edu/cgi/i/image/image-idx?id=S-BCPL-X-BL03921]BL03921,,Webster House,,Ownership: Private,Current Use: Residence,"Address: 108 E. Goddard Ave, Maryville, TN",Location: MARYVILLE,"Architectural -- two story frame house in Victorian style with hip and gable roof, built ca. 1900, relocated from nearby ca. 1920.",,,108 East Goddard Avenue,Maryville,Tennessee,United States,Maryville (Tenn.),"The copyright interests in this item remain with the creator. For more information, contact Special Collections at special@utk.edu.",Blount County Public Library,"University of Tennessee, Knoxville Libraries",still image,photographs | http://vocab.getty.edu/aat/300046300,reformatted digital,zxx,,,,
bcpl_04223,http://dlxstest.lib.utk.edu/cgi/i/image/image-idx?id=S-BCPL-X-BL04223]BL04223,,Davis House,,Ownership: Private,Current Use: Residence,"Address: 1018 Oak Park Ave., Maryville, TN","Location: OAK PARK HISTORIC DISTRICT, MARYVILLE","Architectural -- three story frame with hip and gable roof, brick chimney, built ca. 1900",,,1018 Oak Park Avenue,Maryville,Tennessee,United States,"Oak Park Historic District (Maryville, Tenn.)","The copyright interests in this item remain with the creator. For more information, contact Special Collections at special@utk.edu.",Blount County Public Library,"University of Tennessee, Knoxville Libraries",still image,photographs | http://vocab.getty.edu/aat/300046300,reformatted digital,zxx,,,,
bcpl_03733,http://dlxstest.lib.utk.edu/cgi/i/image/image-idx?id=S-BCPL-X-BL03733]BL03733,,Springbrook School Gymnasium,,Ownership: City,Current Use: Recreation center,Address: Faraday Street,Location: ALCOA HOUSES AND PUBLIC BUILDINGS,"Architectural -- brick gymnasium with arched windows, built in 1921",Historical -- became a recreation center after a new elementary school was built in 1971,,Faraday Street,Alcoa,Tennessee,United States,Alcoa (Tenn.),"The copyright interests in this item remain with the creator. For more information, contact Special Collections at special@utk.edu.",Blount County Public Library,"University of Tennessee, Knoxville Libraries",still image,photographs | http://vocab.getty.edu/aat/300046300,reformatted digital,zxx,,,,
bcpl_02389,http://dlxstest.lib.utk.edu/cgi/i/image/image-idx?id=S-BCPL-X-BL02389]BL02389,,Marcus B. Warren House (NR),This structure appears on the National Historical Registry.,Ownership: Private,Current Use: Residence,"Address: Miser Station Rd.,0..2 mi. S. of Middle settlements Rd., Louisville, TN",Location: HOUSES AND BARNS IN BLOUNT COUNTY ,Architectural -- built between 1874 and 1877 this house features a gable front design with a flat deck roof; no other house in the county resembles this residence either in its interior floor plan or its exterior design; it has not been significantly al,,,Miser Station Road,Louisville,Tennessee,United States,Blount County (Tenn.),"The copyright interests in this item remain with the creator. For more information, contact Special Collections at special@utk.edu.",Blount County Public Library,"University of Tennessee, Knoxville Libraries",still image,photographs | http://vocab.getty.edu/aat/300046300,reformatted digital,zxx,,,,
bcpl_00014,http://dlxstest.lib.utk.edu/cgi/i/image/image-idx?id=S-BCPL-X-BL00014]BL00014,,Victor J. Hultquist House,,Ownership: Private,Current Use: Residence,"Address: 1533 Springbrook Rd. Alcoa, TN",Location: ALCOA HOUSES AND PUBLIC BUILDINGS,"Architectural -- one and one-half story brick with gable roof and two front dormers, built in 1925","Historical -- Victor J. Hultquist was city manager of Alcoa from its incorporation in 1919 until 1948. Simultaneously, he was the Aluminum Company's Superintendent of Construction.",,1533 Springbrook Road,Alcoa,Tennessee,United States,Alcoa (Tenn.),"The copyright interests in this item remain with the creator. For more information, contact Special Collections at special@utk.edu.",Blount County Public Library,"University of Tennessee, Knoxville Libraries",still image,photographs | http://vocab.getty.edu/aat/300046300,reformatted digital,zxx,,,,
bcpl_00008,http://dlxstest.lib.utk.edu/cgi/i/image/image-idx?id=S-BCPL-X-BL00008]BL00008,,Robert McNutt/W. B. Howard House (NR),This structure appears on the National Historical Registry.,Ownership: Private,Current Use: Residence,"Address: 825 Broadway Ave., Maryville, TN",Location: MARYVILLE,Architectural -- two story frame house built ca.1900 in Victorian style with hip and gable roof and a two story front porch.,,,825 Broadway Avenue,Maryville,Tennessee,United States,Maryville (Tenn.),"The copyright interests in this item remain with the creator. For more information, contact Special Collections at special@utk.edu.",Blount County Public Library,"University of Tennessee, Knoxville Libraries",still image,photographs | http://vocab.getty.edu/aat/300046300,reformatted digital,zxx,,,,
bcpl_02277,http://dlxstest.lib.utk.edu/cgi/i/image/image-idx?id=S-BCPL-X-BL02277]BL02277,,Sam Houston Schoolhouse (NR),This structure appears on the National Historical Registry.,Ownership: State,"Current Use: State historic site, including the schoolhouse, a museum and gift shop, a pavilion",Address: 3650 Old Sam Houston School Rd.,"Location: SCHOOLS, CHURCHES, MILLS, QUARRY, BRIDGES AND COMMERCIAL BUILDINGS IN BLOUNT CO","Architectural -- log building, reconstructed in 1970s (after extensive archeological research) to replace deteriorated field school built in 1794",Historical -- Sam Houston taught here in 1812 before moving on to military and political careers,,3650 Old Sam Houston School Road,Maryville,Tennessee,United States,Blount County (Tenn.),"The copyright interests in this item remain with the creator. For more information, contact Special Collections at special@utk.edu.",Blount County Public Library,"University of Tennessee, Knoxville Libraries",still image,photographs | http://vocab.getty.edu/aat/300046300,reformatted digital,zxx,,,,
bcpl_02803,http://dlxstest.lib.utk.edu/cgi/i/image/image-idx?id=S-BCPL-X-BL02803]BL02803,,"H. F. ""Bert"" Anderson Barn",,Ownership: Private,Current Use: Barn,"Address: 4226 Old Knoxville Hwy, Rockford, TN",Location: HOUSES AND BARNS IN BLOUNT COUNTY ,"Architectural and agricultural -- two-level frame barn with gable roof, constructed in 1917 with lumber from the family farm; interior wood silo",,,4226 Old Knoxville Highway,Rockford,Tennessee,United States,Blount County (Tenn.),"The copyright interests in this item remain with the creator. For more information, contact Special Collections at special@utk.edu.",Blount County Public Library,"University of Tennessee, Knoxville Libraries",still image,photographs | http://vocab.getty.edu/aat/300046300,reformatted digital,zxx,,,,
bcpl_01507,http://dlxstest.lib.utk.edu/cgi/i/image/image-idx?id=S-BCPL-X-BL01507]BL01507,,Peter Brickey House (NR),This structure appears on the National Historical Registry.,Ownership: Private,Current Use: Unoccupied,"Address: Wears Valley Rd, 0.l mi. W. of Bonner Hollow Rd., Townsend, TN",Location: HOUSES AND BARNS IN BLOUNT COUNTY ,Architectural -- early (1808) single pen log house with rear shed; poplar logs with half dovetail notches,,,Wears Valley Road,Townsend,Tennessee,United States,Blount County (Tenn.),"The copyright interests in this item remain with the creator. For more information, contact Special Collections at special@utk.edu.",Blount County Public Library,"University of Tennessee, Knoxville Libraries",still image,photographs | http://vocab.getty.edu/aat/300046300,reformatted digital,zxx,,,,
bcpl_00009,http://dlxstest.lib.utk.edu/cgi/i/image/image-idx?id=S-BCPL-X-BL00009]BL00009,,Pete Hood House (NR),This structure appears on the National Historical Registry.,Ownership: Private,Current Use: Residence,"Address: 827 W. Broadway, Maryville, TN",Location: MARYVILLE,"Architectural -- Craftsman style, frame, built 1910; stone water tower on grounds.",,,827 W. Broadway,Maryville,Tennessee,United States,Maryville (Tenn.),"The copyright interests in this item remain with the creator. For more information, contact Special Collections at special@utk.edu.",Blount County Public Library,"University of Tennessee, Knoxville Libraries",still image,photographs | http://vocab.getty.edu/aat/300046300,reformatted digital,zxx,,,,
bcpl_00057,http://dlxstest.lib.utk.edu/cgi/i/image/image-idx?id=S-BCPL-X-BL00057]BL00057,,Alumni Gymnasium,This structure appears on the National Historical Registry.,Ownership: Private,Current Use: Sport Facility,"Address: 502 E. Lamar Alexander Parkway, Maryville, TN",Location: MARYVILLE COLLEGE BUILDINGS; (NR as Maryville College Historic District),Architectural -- one of few surviving frame gymnasiums; built in 1923 as a project of MC alumni,,,502 East Lamar Alexander Parkway,Maryville,Tennessee,United States,Maryville College--Buildings,"The copyright interests in this item remain with the creator. For more information, contact Special Collections at special@utk.edu.",Blount County Public Library,"University of Tennessee, Knoxville Libraries",still image,photographs | http://vocab.getty.edu/aat/300046300,reformatted digital,zxx,,,,
bcpl_03537,http://dlxstest.lib.utk.edu/cgi/i/image/image-idx?id=S-BCPL-X-BL03537]BL03537,,John P. Cable Mill,This structure appears on the National Historical Registry.,Ownership: Federal,Current Use: Operating mill for display,"Address: Cades Cove, Great Smoky Mountains National Park, TN",Location: CADES COVE HISTORIC DISTRICT; (NR as Cades Cove Historic District),"Architectural and economic history -- frame grist mill powered by overshot water wheel, probably built and operated by John P. Cable in the 19th century; exterior of mill rebuilt by Park Service in 1951, wheel replaced several times, inner workings essent",,,,,,,Cades Cove (Tenn.),"The copyright interests in this item remain with the creator. For more information, contact Special Collections at special@utk.edu.",Blount County Public Library,"University of Tennessee, Knoxville Libraries",still image,photographs | http://vocab.getty.edu/aat/300046300,reformatted digital,zxx,,,,
bcpl_00124,http://dlxstest.lib.utk.edu/cgi/i/image/image-idx?id=S-BCPL-X-BL00124]BL00124,,White's Mill (NR),This structure appears on the National Historical Registry.,Ownership: Private,Current Use: Abandoned,"Address: Old White's Mill Rd. Maryville, TN","Location: SCHOOLS, CHURCHES, MILLS, QUARRY, BRIDGES AND COMMERCIAL BUILDINGS IN BLOUNT CO","Commercial and historical -- built in 1842, it operated as a grist mill for about 100 years; one of the few remaining mills in the county",,,Old White's Mill Road,Maryville,Tennessee,United States,Blount County (Tenn.),"The copyright interests in this item remain with the creator. For more information, contact Special Collections at special@utk.edu.",Blount County Public Library,"University of Tennessee, Knoxville Libraries",still image,photographs | http://vocab.getty.edu/aat/300046300,reformatted digital,zxx,,,,
bcpl_00392,http://dlxstest.lib.utk.edu/cgi/i/image/image-idx?id=S-BCPL-X-BL00392]BL00392,,Clover Hill Mill (NR),This structure appears on the National Historical Registry.,Ownership: Private,Current Use: Mill,"Address: Jct. Clover Hill Mill Rd. and Clover Hill Rd. Maryville, TN","Location: SCHOOLS, CHURCHES, MILLS, QUARRY, BRIDGES AND COMMERCIAL BUILDINGS IN BLOUNT CO",Commercial -- built in 1921 on site of earlier mills; ground corn meal to the 1980s and in 2005 still grinding feed,,,Clover Hill Mill Road & Clover Hill Road,Maryville,Tennessee,United States,Blount County (Tenn.),"The copyright interests in this item remain with the creator. For more information, contact Special Collections at special@utk.edu.",Blount County Public Library,"University of Tennessee, Knoxville Libraries",still image,photographs | http://vocab.getty.edu/aat/300046300,reformatted digital,zxx,,,,
bcpl_03848,http://dlxstest.lib.utk.edu/cgi/i/image/image-idx?id=S-BCPL-X-BL03848]BL03848,,"A. G. Howe House ,later known as ""Casablanca,""",This structure appears on the National Historical Registry.,Ownership: Private,Current Use: Residence,"Address: 400 Indiana Ave., Maryville, TN",Location: College Hill Historic District (NR); (NR as Indiana Avenue Historic District),"Architectural -- two story frame house with side gables; originally had two front entrances, built ca. 1870",,,400 Indiana Avenue,Maryville,Tennessee,United States,"College Hill Historic District (Maryville, Tenn.)","The copyright interests in this item remain with the creator. For more information, contact Special Collections at special@utk.edu.",Blount County Public Library,"University of Tennessee, Knoxville Libraries",still image,photographs | http://vocab.getty.edu/aat/300046300,reformatted digital,zxx,,,,
bcpl_02928,http://dlxstest.lib.utk.edu/cgi/i/image/image-idx?id=S-BCPL-X-BL02928]BL02928,,Bethel Baptist Church,,Ownership: Private,Current Use: Church,"Address: Hall Rd. and Stephenson St., Alcoa, TN",Location: ALCOA HOUSES AND PUBLIC BUILDINGS,"Architectural -- brick church with gable roof, squared towers, and gothic windows",,,Hall Road & Stephenson Street,Alcoa,Tennessee,United States,Alcoa (Tenn.),"The copyright interests in this item remain with the creator. For more information, contact Special Collections at special@utk.edu.",Blount County Public Library,"University of Tennessee, Knoxville Libraries",still image,photographs | http://vocab.getty.edu/aat/300046300,reformatted digital,zxx,,,,
bcpl_01468,http://dlxstest.lib.utk.edu/cgi/i/image/image-idx?id=S-BCPL-X-BL01468]BL01468,,Eusebia Presbyterian Church,,Ownership: Private,Current Use: Church,"Address: Sevierville Rd.(Hwy 411) at Burnett Sta. Rd. Seymour, TN","Location: SCHOOLS, CHURCHES, MILLS, QUARRY, BRIDGES AND COMMERCIAL BUILDINGS IN BLOUNT CO","Historical -- organized in 1786, Eusebia is believed to be the oldest congregation in the area; present brick church building dates from 1930",,,Sevierville Road & Burnett Station Road,Seymour,Tennessee,United States,Blount County (Tenn.),"The copyright interests in this item remain with the creator. For more information, contact Special Collections at special@utk.edu.",Blount County Public Library,"University of Tennessee, Knoxville Libraries",still image,photographs | http://vocab.getty.edu/aat/300046300,reformatted digital,zxx,,,,
bcpl_03526,http://dlxstest.lib.utk.edu/cgi/i/image/image-idx?id=S-BCPL-X-BL03526]BL03526,,Elijah Oliver House,This structure appears on the National Historical Registry.,Ownership: Federal,Current Use: Museum,"Address: Cades Cove, Great Smoky Mountains National Park, TN",Location: CADES COVE HISTORIC DISTRICT; (NR as Cades Cove Historic District),"Architectural -- one and one-half story double pen log house with dogtrot separating front and rear pens; front pen has V notches, rear has half dovetail notches; front pen built in 1870s by Elijah Oliver; rear pen in the 1840s by the Herron family",,,,,,,Cades Cove (Tenn.),"The copyright interests in this item remain with the creator. For more information, contact Special Collections at special@utk.edu.",Blount County Public Library,"University of Tennessee, Knoxville Libraries",still image,photographs | http://vocab.getty.edu/aat/300046300,reformatted digital,zxx,,,,
bcpl_01267,http://dlxstest.lib.utk.edu/cgi/i/image/image-idx?id=S-BCPL-X-BL01267]BL01267,,Minnis McCampbell Barn (NR),This structure appears on the National Historical Registry.,Ownership: Private,Current Use: Barn,"Address: Old Cades Cove Rd., 0.1 mi. S of Dry Valley Rd., Townsend, TN",Location: HOUSES AND BARNS IN BLOUNT COUNTY ,"Architectural and agricultural -- cantilevered double pen log barn with square notches, oak logs, built ca. 1910",,,Old Cades Cove Road,Townsend,Tennessee,United States,Blount County (Tenn.),"The copyright interests in this item remain with the creator. For more information, contact Special Collections at special@utk.edu.",Blount County Public Library,"University of Tennessee, Knoxville Libraries",still image,photographs | http://vocab.getty.edu/aat/300046300,reformatted digital,zxx,,,,
bcpl_03870,http://dlxstest.lib.utk.edu/cgi/i/image/image-idx?id=S-BCPL-X-BL03870]BL03870,,Will Caldwell House,This structure appears on the National Historical Registry.,Ownership: Private,Current Use: Residence,"Address: 138 Stanley Ave., Maryville, TN",Location: College Hill Historic District (NR); (NR as Indiana Avenue Historic District),"Architectural -- two story frame house in Craftsman style, built ca. 1914",,,138 Stanley Avenue,Maryville,Tennessee,United States,"College Hill Historic District (Maryville, Tenn.)","The copyright interests in this item remain with the creator. For more information, contact Special Collections at special@utk.edu.",Blount County Public Library,"University of Tennessee, Knoxville Libraries",still image,photographs | http://vocab.getty.edu/aat/300046300,reformatted digital,zxx,,,,
bcpl_01814,http://dlxstest.lib.utk.edu/cgi/i/image/image-idx?id=S-BCPL-X-BL01814]BL01814,,Porter/Brakebill House (NR),This structure appears on the National Historical Registry.,Ownership: Private,Current Use: Residence,"Address: Martin Mill Pike, Rockford, TN",Location: ROCKFORD,"Architectural -- Frame, central passage plan I-House with Greek Revival detailing built in 1856","Historical -- one of Blount County's few ""plantation"" houses, supported by a prosperous farm in fertile bottom lands along Little River",,Martin Mill Pike,Rockford,Tennessee,United States,Rockford (Tenn.),"The copyright interests in this item remain with the creator. For more information, contact Special Collections at special@utk.edu.",Blount County Public Library,"University of Tennessee, Knoxville Libraries",still image,photographs | http://vocab.getty.edu/aat/300046300,reformatted digital,zxx,,,,
bcpl_04224,http://dlxstest.lib.utk.edu/cgi/i/image/image-idx?id=S-BCPL-X-BL04224]BL04224,,Dr. Carson House,,Ownership: Private,Current Use: Residence,"Address: 121 S. Ruth St., Maryville, TN","Location: OAK PARK HISTORIC DISTRICT, MARYVILLE",Architectural -- one and one-half story frame bungalow with front and rear gables,"Historical -- boyhood residence of Governor, later US Senator Lamar Alexander",,121 South Ruth Street,Maryville,Tennessee,United States,"Oak Park Historic District (Maryville, Tenn.)","The copyright interests in this item remain with the creator. For more information, contact Special Collections at special@utk.edu.",Blount County Public Library,"University of Tennessee, Knoxville Libraries",still image,photographs | http://vocab.getty.edu/aat/300046300,reformatted digital,zxx,,,,
bcpl_00056,http://dlxstest.lib.utk.edu/cgi/i/image/image-idx?id=S-BCPL-X-BL00056]BL00056,,Bartlett Hall,This structure appears on the National Historical Registry.,Ownership: Private,Current Use: Restored and renovated in 2001 as a student services building,"Address: 502 E. Lamar Alexander Parkway, Maryville, TN",Location: MARYVILLE COLLEGE BUILDINGS; (NR as Maryville College Historic District),Historical -- built as a campus YMCA building in 1901 with,,,502 East Lamar Alexander Parkway,Maryville,Tennessee,United States,Maryville College--Buildings,"The copyright interests in this item remain with the creator. For more information, contact Special Collections at special@utk.edu.",Blount County Public Library,"University of Tennessee, Knoxville Libraries",still image,photographs | http://vocab.getty.edu/aat/300046300,reformatted digital,zxx,,,,
bcpl_03834,http://dlxstest.lib.utk.edu/cgi/i/image/image-idx?id=S-BCPL-X-BL03834]BL03834,,Samuel E. Dunn House,This structure appears on the National Historical Registry.,Ownership: Private,Current Use: Residence,"Address: 903 Court St., Maryville, TN",Location: College Hill Historic District (NR); (NR as Indiana Avenue Historic District),"Architectural -- two story frame with hip roof, Classical Revival columns on main fa",,,903 Court Street,Maryville,Tennessee,United States,"College Hill Historic District (Maryville, Tenn.)","The copyright interests in this item remain with the creator. For more information, contact Special Collections at special@utk.edu.",Blount County Public Library,"University of Tennessee, Knoxville Libraries",still image,photographs | http://vocab.getty.edu/aat/300046300,reformatted digital,zxx,,,,
bcpl_00776,http://dlxstest.lib.utk.edu/cgi/i/image/image-idx?id=S-BCPL-X-BL00776]BL00776,,Thompson Bridge (over Nine Mile Creek),,Ownership: County,Current Use: Same,"Address: Thompson Bridge Rd. at Lanier Rd., Maryville, TN","Location: SCHOOLS, CHURCHES, MILLS, QUARRY, BRIDGES AND COMMERCIAL BUILDINGS IN BLOUNT CO","Architectural and engineering -- closed spandrel concrete bridge, built ca. 1915; one of relatively few remaining from Blount County's early 20th century road and bridge-building effort",,,Thompson Bridge Road & Lanier Road,Maryville,Tennessee,United States,Blount County (Tenn.),"The copyright interests in this item remain with the creator. For more information, contact Special Collections at special@utk.edu.",Blount County Public Library,"University of Tennessee, Knoxville Libraries",still image,photographs | http://vocab.getty.edu/aat/300046300,reformatted digital,zxx,,,,
bcpl_03415,http://dlxstest.lib.utk.edu/cgi/i/image/image-idx?id=S-BCPL-X-BL03415]BL03415,,Aluminum Company of America House,,Ownership: Private,Current Use: Residence,"Address: 1415 Dalton St., Alcoa, TN",Location: ALCOA HOUSES AND PUBLIC BUILDINGS,"Architectural -- one story frame house with front and rear gables, interior central chimney, built ca. 1920","Historical -- typical ""company house"" for laborers",,1415 Dalton Street,Alcoa,Tennessee,United States,Alcoa (Tenn.),"The copyright interests in this item remain with the creator. For more information, contact Special Collections at special@utk.edu.",Blount County Public Library,"University of Tennessee, Knoxville Libraries",still image,photographs | http://vocab.getty.edu/aat/300046300,reformatted digital,zxx,,,,
bcpl_03835,http://dlxstest.lib.utk.edu/cgi/i/image/image-idx?id=S-BCPL-X-BL03835]BL03835,,Jasper Converse Barnes House,This structure appears on the National Historical Registry.,Ownership: Private,Current Use: Residence,"Address: 116 Indiana Avenue, Maryville, TN",Location: College Hill Historic District (NR); (NR as Indiana Avenue Historic District),"Architectural -- two story frame with hip and gable roof; Queen Anne style, built in 1896",,,116 Indiana Avenue,Maryville,Tennessee,United States,"College Hill Historic District (Maryville, Tenn.)","The copyright interests in this item remain with the creator. For more information, contact Special Collections at special@utk.edu.",Blount County Public Library,"University of Tennessee, Knoxville Libraries",still image,photographs | http://vocab.getty.edu/aat/300046300,reformatted digital,zxx,,,,
bcpl_03521,http://dlxstest.lib.utk.edu/cgi/i/image/image-idx?id=S-BCPL-X-BL03521]BL03521,,John Oliver House,This structure appears on the National Historical Registry.,Ownership: Federal,Current Use: Museum,"Address: Cades Cove, Great Smoky Mountains National Park, TN",Location: CADES COVE HISTORIC DISTRICT; (NR as Cades Cove Historic District),"Architectural -- one and one-half story log house, single pen with half dovetail notches, built 1850s",,,,,,,Cades Cove (Tenn.),"The copyright interests in this item remain with the creator. For more information, contact Special Collections at special@utk.edu.",Blount County Public Library,"University of Tennessee, Knoxville Libraries",still image,photographs | http://vocab.getty.edu/aat/300046300,reformatted digital,zxx,,,,
bcpl_01144,http://dlxstest.lib.utk.edu/cgi/i/image/image-idx?id=S-BCPL-X-BL01144]BL01144,,James Henry House (NR),This structure appears on the National Historical Registry.,Ownership: Private,Current Use: Residence,"Address: 305 Henry Lane, Greenback, TN",Location: HOUSES AND BARNS IN BLOUNT COUNTY ,"Architectural -- two story, five bay notable brick residence with side gables, chimneys and rear ell; built between 1833 and 1835",,,305 Henry Lane,Greenback,Tennessee,United States,Blount County (Tenn.),"The copyright interests in this item remain with the creator. For more information, contact Special Collections at special@utk.edu.",Blount County Public Library,"University of Tennessee, Knoxville Libraries",still image,photographs | http://vocab.getty.edu/aat/300046300,reformatted digital,zxx,,,,
bcpl_01192,http://dlxstest.lib.utk.edu/cgi/i/image/image-idx?id=S-BCPL-X-BL01192]BL01192,,Cam Walker Barn,,Ownership: Private,Current Use: Barn,"Address: Walker Rd., Maryville, TN",Location: HOUSES AND BARNS IN BLOUNT COUNTY ,"Architectural and agricultural -- double pen log barn built ca. 1890, with frame additions",,,Walker Road,Maryville,Tennessee,United States,Blount County (Tenn.),"The copyright interests in this item remain with the creator. For more information, contact Special Collections at special@utk.edu.",Blount County Public Library,"University of Tennessee, Knoxville Libraries",still image,photographs | http://vocab.getty.edu/aat/300046300,reformatted digital,zxx,,,,
bcpl_01558,http://dlxstest.lib.utk.edu/cgi/i/image/image-idx?id=S-BCPL-X-BL01558]BL01558,,Margaret Townsend Memorial Methodist Church,,Ownership: Private,Current Use: St. Francis Catholic Church,"Address: 7719 River Rd., Townsend, TN",Location: TOWNSEND,Historical -- frame church with gable roof built in 1924 by Little River Lumber Company as a memorial to the wife of the company's president,,,7719 River Road,Townsend,Tennessee,United States,Townsend (Tenn.),"The copyright interests in this item remain with the creator. For more information, contact Special Collections at special@utk.edu.",Blount County Public Library,"University of Tennessee, Knoxville Libraries",still image,photographs | http://vocab.getty.edu/aat/300046300,reformatted digital,zxx,,,,
bcpl_01427,http://dlxstest.lib.utk.edu/cgi/i/image/image-idx?id=S-BCPL-X-BL01427]BL01427,,Chilhowee Inn,,Ownership: Private,Current Use: Residence,"Address: Old Walland Hwy.,Walland, TN",Location: WALLAND,"Architectural and historical -- two story frame hotel with gable roof built by Schlosser Leather Company for lodging and food service; named by Mrs. Jack Fisher, wife of the plant manager; continued to operate long after the company closed in 1931 and enj","Architectural and historical -- two story frame hotel with gable roof built by Schlosser Leather Company for lodging and food service; named by Mrs. Jack Fisher, wife of the plant manager; continued to operate long after the company closed in 1931 and enj",,Old Walland Highway,Walland,Tennessee,United States,Walland (Tenn.),"The copyright interests in this item remain with the creator. For more information, contact Special Collections at special@utk.edu.",Blount County Public Library,"University of Tennessee, Knoxville Libraries",still image,photographs | http://vocab.getty.edu/aat/300046300,reformatted digital,zxx,,,,
bcpl_00051,http://dlxstest.lib.utk.edu/cgi/i/image/image-idx?id=S-BCPL-X-BL00051]BL00051,,Pearsons Hall,This structure appears on the National Historical Registry.,Ownership: Private,Current Use: Student residence hall and campus cafeteria,"Address: 502 E. Lamar Alexander Parkway, Maryville, TN",Location: MARYVILLE COLLEGE BUILDINGS; (NR as Maryville College Historic District),Architectural -- designed by George Barber in Colonial Revival style; built in 1910 of brick; features a double high Ionic colonnade; first campus building to include steel supports and to have indoor plumbing,,,502 East Lamar Alexander Parkway,Maryville,Tennessee,United States,Maryville College--Buildings,"The copyright interests in this item remain with the creator. For more information, contact Special Collections at special@utk.edu.",Blount County Public Library,"University of Tennessee, Knoxville Libraries",still image,photographs | http://vocab.getty.edu/aat/300046300,reformatted digital,zxx,,,,
bcpl_02561,http://dlxstest.lib.utk.edu/cgi/i/image/image-idx?id=S-BCPL-X-BL02561]BL02561,,Bill and Joe Walker House,,Ownership: Private,Current Use: Residence,"Address: Singleton Station Rd., Rockford, TN",Location: HOUSES AND BARNS IN BLOUNT COUNTY ,Architectural -- two story brick and frame house with hip roof; thought to have been built prior to 1860,,,Singleton Station Road,Rockford,Tennessee,United States,Blount County (Tenn.),"The copyright interests in this item remain with the creator. For more information, contact Special Collections at special@utk.edu.",Blount County Public Library,"University of Tennessee, Knoxville Libraries",still image,photographs | http://vocab.getty.edu/aat/300046300,reformatted digital,zxx,,,,
bcpl_00002,http://dlxstest.lib.utk.edu/cgi/i/image/image-idx?id=S-BCPL-X-BL00002]BL00002,,David Jones House (NR),This structure appears on the National Historical Registry.,Ownership: Private,Current Use: Highland Presbyterian Church's education and social building,"Address: 721 E. Lamar Alexander Pkwy, Maryville, TN",Location: MARYVILLE,"Architectural -- distinctive Second Empire style, brick, built in the 1880s.","Individual -- home of David Jones, skilled mason, contractor who in the late 19th and early 20th centuries built a number of buildings in Maryville, owner of a brick yard.",,721 East Lamar Alexander Parkway,Maryville,Tennessee,United States,Maryville (Tenn.),"The copyright interests in this item remain with the creator. For more information, contact Special Collections at special@utk.edu.",Blount County Public Library,"University of Tennessee, Knoxville Libraries",still image,photographs | http://vocab.getty.edu/aat/300046300,reformatted digital,zxx,,,,
bcpl_03539,http://dlxstest.lib.utk.edu/cgi/i/image/image-idx?id=S-BCPL-X-BL03539]BL03539,,Henry Whitehead House,This structure appears on the National Historical Registry.,Ownership: Federal,Current Use: Museum,"Address: Cades Cove, Great Smoky Mountains National Park, TN",Location: CADES COVE HISTORIC DISTRICT; (NR as Cades Cove Historic District),"Architectural -- double pen log house; front pen built in 1895 by Henry Whitehead with sawn pine logs, half dovetail notches, brick chimney; rear pen built ca. 1873 by David Shields with hewn oak, poplar and pine logs, V notches, stone chimney; porch join",,,,,,,Cades Cove (Tenn.),"The copyright interests in this item remain with the creator. For more information, contact Special Collections at special@utk.edu.",Blount County Public Library,"University of Tennessee, Knoxville Libraries",still image,photographs | http://vocab.getty.edu/aat/300046300,reformatted digital,zxx,,,,
bcpl_01818,http://dlxstest.lib.utk.edu/cgi/i/image/image-idx?id=S-BCPL-X-BL01818]BL01818,,Warner Martin House (NR),This structure appears on the National Historical Registry.,Ownership: Private,,"Address: 4350 Nails Creek Rd., Rockford, TN",Location: ROCKFORD,"Architectural -- two story frame house built as a single cell and soon after enlarged to a five bay I-House design; of timber frame construction, the original section of the house is dated to 1793; it is the oldest intact example of timber frame construct",,,4350 Nails Creek Road,Rockford,Tennessee,United States,Rockford (Tenn.),"The copyright interests in this item remain with the creator. For more information, contact Special Collections at special@utk.edu.",Blount County Public Library,"University of Tennessee, Knoxville Libraries",still image,photographs | http://vocab.getty.edu/aat/300046300,reformatted digital,zxx,,,,
bcpl_02470,http://dlxstest.lib.utk.edu/cgi/i/image/image-idx?id=S-BCPL-X-BL02470]BL02470,,Harper Brothers Store and Post Office,This structure appears on the National Historical Registry.,Ownership: Private,Current Use: Unoccupied,"Address: Cox Rd., Louisville, TN",Location: LOUISVILLE HISTORIC DISTRICT; (NR as Louisville Historic District),"Architectural and commercial -- typical false-front, frame general store, built perhaps as early as the 1860s, but with later additions","Architectural and commercial -- typical false-front, frame general store, built perhaps as early as the 1860s, but with later additions","Individual -- John Harper, son of one of the proprietors, became president of the Aluminum Company of America",Cox Road,Louisville,Tennessee,United States,"Louisville Historic District (Louisville, Tenn.)","The copyright interests in this item remain with the creator. For more information, contact Special Collections at special@utk.edu.",Blount County Public Library,"University of Tennessee, Knoxville Libraries",still image,photographs | http://vocab.getty.edu/aat/300046300,reformatted digital,zxx,,,,
bcpl_02203,http://dlxstest.lib.utk.edu/cgi/i/image/image-idx?id=S-BCPL-X-BL02203]BL02203,,Peery Mill Site (NR),This structure appears on the National Historical Registry.,Ownership: Private,Current Use: None,"Address: Old Walland Hwy, 0.1 mi. N of Cold Springs Rd. Walland TN","Location: SCHOOLS, CHURCHES, MILLS, QUARRY, BRIDGES AND COMMERCIAL BUILDINGS IN BLOUNT CO",Historical -- a mill site since 1842 and location of Peery Brothers Mill after 1905; operating as a tourist attraction in the late 1980s when it burned; only the dam remains,,,Old Walland Highway,Walland,Tennessee,United States,Blount County (Tenn.),"The copyright interests in this item remain with the creator. For more information, contact Special Collections at special@utk.edu.",Blount County Public Library,"University of Tennessee, Knoxville Libraries",still image,photographs | http://vocab.getty.edu/aat/300046300,reformatted digital,zxx,,,,
bcpl_02473,http://dlxstest.lib.utk.edu/cgi/i/image/image-idx?id=S-BCPL-X-BL02473]BL02473,,Arthur Kennedy House,This structure appears on the National Historical Registry.,Ownership: Private,Current Use: Residence,"Address: Cox Rd., Louisville, TN",Location: LOUISVILLE HISTORIC DISTRICT; (NR as Louisville Historic District),"Architectural -- two story frame house w/rear ell and gable roof, Greek Revival features in porches, dates from 1850",,,Cox Road,Louisville,Tennessee,United States,"Louisville Historic District (Louisville, Tenn.)","The copyright interests in this item remain with the creator. For more information, contact Special Collections at special@utk.edu.",Blount County Public Library,"University of Tennessee, Knoxville Libraries",still image,photographs | http://vocab.getty.edu/aat/300046300,reformatted digital,zxx,,,,
bcpl_00092,http://dlxstest.lib.utk.edu/cgi/i/image/image-idx?id=S-BCPL-X-BL00092]BL00092,,Pflanze Building,,Ownership: Private,Current Use: Classic movies and live music are presented in the building which is restored to its 1934 look as the Palace Theater.,"Address: Broadway Ave., downtown Maryville, TN",Location: MARYVILLE,"Architectural -- two story brick commercial building with Italianate influences, constructed ca. 1868 by Charles Pflanze.","Commercial -- originally a furniture and casket shop, the building later housed a Five and Dime, a movie theater, and a drug store.",,Broadway Avenue,Maryville,Tennessee,United States,Maryville (Tenn.),"The copyright interests in this item remain with the creator. For more information, contact Special Collections at special@utk.edu.",Blount County Public Library,"University of Tennessee, Knoxville Libraries",still image,photographs | http://vocab.getty.edu/aat/300046300,reformatted digital,zxx,,,,
bcpl_04389,http://dlxstest.lib.utk.edu/cgi/i/image/image-idx?id=S-BCPL-X-BL04389]BL04389,,"Nicholson House or ""Millennium Manor""",,Ownership: Private,Current Use: Unoccupied,"Address: Corner Wright Rd. and Harding St., Alcoa, TN",Location: ALCOA HOUSES AND PUBLIC BUILDINGS,"Architectural and cultural history -- one story house of pink marble with basement and arched and hip roof. Built by William Andrew Nicholson, by hand, from 1937 to 1946, ""to survive Armageddon and enjoy the millennium to follow.""",,,Corner Wright Road & Harding Street,Alcoa,Tennessee,United States,Alcoa (Tenn.),"The copyright interests in this item remain with the creator. For more information, contact Special Collections at special@utk.edu.",Blount County Public Library,"University of Tennessee, Knoxville Libraries",still image,photographs | http://vocab.getty.edu/aat/300046300,reformatted digital,zxx,,,,
bcpl_01425,http://dlxstest.lib.utk.edu/cgi/i/image/image-idx?id=S-BCPL-X-BL01425]BL01425,,A. J. Fisher House (NR),This structure appears on the National Historical Registry.,Ownership: Private,Current Use: Residence,"Address: Old Walland Hwy, Walland, TN",Location: WALLAND,"Industrial -- one of few significant and unaltered resources related to the operation of Schlosser Leather Company; A. J. ""Jack"" Fisher, works manager, lived in this one story frame house built ca. 1905","Industrial -- one of few significant and unaltered resources related to the operation of Schlosser Leather Company; A. J. ""Jack"" Fisher, works manager, lived in this one story frame house built ca. 1905",,Old Walland Highway,Walland,Tennessee,United States,Walland (Tenn.),"The copyright interests in this item remain with the creator. For more information, contact Special Collections at special@utk.edu.",Blount County Public Library,"University of Tennessee, Knoxville Libraries",still image,photographs | http://vocab.getty.edu/aat/300046300,reformatted digital,zxx,,,,
bcpl_03810,http://dlxstest.lib.utk.edu/cgi/i/image/image-idx?id=S-BCPL-X-BL03810]BL03810,,Fred Proffitt House,This structure appears on the National Historical Registry.,Ownership: Private,Current Use: Residence,"Address: 127 Wilson Ave., Maryville, TN",Location: College Hill Historic District (NR); (NR as Indiana Avenue Historic District),Architectural -- Two story frame; hip and gable roof; built ca. 1900-1908,,,127 Wilson Avenue,Maryville,Tennessee,United States,"College Hill Historic District (Maryville, Tenn.)","The copyright interests in this item remain with the creator. For more information, contact Special Collections at special@utk.edu.",Blount County Public Library,"University of Tennessee, Knoxville Libraries",still image,photographs | http://vocab.getty.edu/aat/300046300,reformatted digital,zxx,,,,
bcpl_00083,http://dlxstest.lib.utk.edu/cgi/i/image/image-idx?id=S-BCPL-X-BL00083]BL00083,,Federal Building (NR),This structure appears on the National Historical Registry.,Ownership: Private,Current Use: Commercial,"Address: 201 E. Broadway, Maryville, TN",Location: MARYVILLE,"Architectural -- Colonial Revival style, brick.","Historical -- first federal building constructed in county; Main Post Office, 1917-62; branch 1962-90; first headquarters of Great Smoky Mtns. Nat'l Park, 1935.",,201 E. Broadway,Maryville,Tennessee,United States,Maryville (Tenn.),"The copyright interests in this item remain with the creator. For more information, contact Special Collections at special@utk.edu.",Blount County Public Library,"University of Tennessee, Knoxville Libraries",still image,photographs | http://vocab.getty.edu/aat/300046300,reformatted digital,zxx,,,,
bcpl_00044,http://dlxstest.lib.utk.edu/cgi/i/image/image-idx?id=S-BCPL-X-BL00044]BL00044,,Harper Memorial Library (NR),This structure appears on the National Historical Registry.,Ownership: Private,Current Use: Red Cross,"Address: 300 E. Church St., Maryville, TN",Location: MARYVILLE,"Architectural -- Colonial Revival style, brick.","Historical -- City of Maryville, later County of Blount Public Library, 1930-1981.",,300 East Church Street,Maryville,Tennessee,United States,Maryville (Tenn.),"The copyright interests in this item remain with the creator. For more information, contact Special Collections at special@utk.edu.",Blount County Public Library,"University of Tennessee, Knoxville Libraries",still image,photographs | http://vocab.getty.edu/aat/300046300,reformatted digital,zxx,,,,
